pollutant,year,winter_mean,pre_monsoon_mean,monsoon_mean,post_monsoon_mean
AEROSOL,2023,0.043422267438835975,-0.15196767229025576,-0.552544115345551,-0.20833725303618406
