pollutant,year,winter_mean,pre_monsoon_mean,monsoon_mean,post_monsoon_mean
CO,2023,0.047196880915064784,0.04646669483673839,0.03662982248845604,0.041778514513370925
