pollutant,year,winter_mean,pre_monsoon_mean,monsoon_mean,post_monsoon_mean
CO,2023,0.05041826578757515,0.04765460892522902,0.0374396447266619,0.04434083846395714
