year,mean,max,median
2019,0.04167363407396347,0.04399012991055413,0.04209913333774701
2020,0.04303233676842973,0.04549670511254964,0.043548888424836306
2021,0.043887211583513684,0.04695098736656523,0.0442191974974732
2022,0.04177938041108439,0.04461334486021117,0.042146996487187824
2023,0.04268826633539625,0.04557317538565586,0.04312407302603271
2024,0.04409728316368374,0.04702361618378432,0.04446433745751869
