pollutant,year,winter_mean,pre_monsoon_mean,monsoon_mean,post_monsoon_mean
NO2,2023,0.0001529193736192544,0.00010496528533423171,7.413835143290913e-05,0.00014568186219895854
