pollutant,year,winter_mean,pre_monsoon_mean,monsoon_mean,post_monsoon_mean
NO2,2023,5.054190055350519e-05,4.2242009863366335e-05,3.00506205270426e-05,3.751477965569982e-05
