year,mean,max,median
2019,0.00010992109803897754,0.00020115211577636898,0.0001036985849006611
2020,0.00011654095985343727,0.0002316790445976868,0.00011707935630414031
2021,0.0001592248823323445,0.00030805612854792027,0.00015394167355689843
2022,0.0001545720290748833,0.00029230068770804156,0.00014600985395647935
2023,0.0001226027768556431,0.00022930676844739358,0.00011879950162445871
2024,0.00010400665034565661,0.00019955574132395402,0.00010070063607208925
