year,mean,max,median
2019,8.879772930821359e-05,0.0001269669510669347,9.094300271505923e-05
2020,0.00010515394814604796,0.00019411325050972732,0.00010329039003340477
2021,0.00016796743110715723,0.0002898531102183377,0.0001693287914395123
2022,0.0001167509890113649,0.00024005457561155767,0.00011792165472303041
2023,0.00012878384678143074,0.0001939758126511594,0.0001284305482277378
2024,0.00013497504939372822,0.00023689124065194038,0.00012979967384075711
