pollutant,year,winter_mean,pre_monsoon_mean,monsoon_mean,post_monsoon_mean
SO2,2023,0.00021516258473277375,0.00016487521371246147,-1.7359411051682622e-05,7.16745119572184e-05
