pollutant,year,winter_mean,pre_monsoon_mean,monsoon_mean,post_monsoon_mean
SO2,2023,0.0002950481169090508,0.00018914610524877663,-3.522572201663981e-05,6.611979795679555e-05
