year,mean_health_risk
2005,0.02440231166919522
2010,0.03853050633975518
2015,0.023173958207614864
2020,0.03052403958088224
2023,0.02014118880289436
