year,monsoon_precip_mm,image
1990,1534.4221419005771,
1992,1293.325848419523,
1994,1306.747316510265,
1996,1574.9531329510546,
1998,1584.7111735575934,
2000,1651.1669344327483,
2002,1792.604551699075,
2004,1930.545028527979,
2006,1366.155624171105,
2008,1619.2496592803552,
2010,1516.7882946400991,
2012,1574.2633078578554,
2014,1707.7797703142955,
2016,1613.0800141784055,
2018,1404.7419806907083,
2020,1757.0993968508928,
2022,1354.6676714280757,
2024,1864.0680202309343,
