category,area_km2
permanent,0.008183489074707031
seasonal,0.01271824197064568
rare,0.2448276442713121
