category,area_km2
permanent,862.0820696555523
seasonal,2406.705718711039
rare,3296.4361300759583
