year,mean_biomass,total_biomass
2023,62.068240258754074,9521556.003646726
