year,energy_poor_population
2000,790551.5665762048
2005,883623.6661056385
2010,850096.6836363521
2015,1218427.826653832
2020,1286633.0549613547
