year,mean_irradiance,max_irradiance
2023,430048637.3236435,491011416.5508423
