period,new_construction_km2,demolished_km2
2018-2024,172.90265949317543,28.705362324391086
