period,new_construction_km2,demolished_km2
2016-2017,2163.0409991635147,2034.0397358133885
2017-2018,3525.136624373327,1017.5142658596696
2018-2019,3568.5094848424706,955.3677456959673
2019-2020,2671.935974739131,2100.964838010516
2020-2021,3763.041297544436,1448.5662341888171
2021-2022,2399.720979099931,2588.1468025102336
2022-2023,3305.548304224242,1783.4668275535307
2023-2024,2107.7918984862363,3392.515014370002
