period,new_construction_km2,demolished_km2
2018-2024,7151.1615317574315,1603.64105515005
