elevation_threshold_m,area_km2
1,41957.860813121675
2,42839.55646884309
3,44264.77257461112
5,50316.53699132837
10,65309.845463049394
