forest_2000_km2,forest_gain_km2,forest_loss_km2
18081.196527940487,24.509028330392155,4549.274047358239
