forest_2000_km2,forest_loss_km2,forest_gain_km2
25.356601401456707,1.7363375581490308,0.0008186028442382813
