year,pre_monsoon_ndvi,monsoon_ndvi,post_monsoon_ndvi,winter_ndvi
2005,0.5056360633780417,0.43585716049583345,0.577678984792767,0.44146998917569386
2010,0.46391489237621236,0.4572698509748532,0.5808453036325515,0.44506589286777515
2015,0.5477975712759082,0.45096267304109455,0.5945090648435528,0.48439089437081384
2020,0.5798960715540713,0.48067364477301894,0.5971137686652661,0.48104459551980616
2023,0.5792244400948607,0.4925471403869375,0.6194509138313992,0.5172319166925143
