period,rate_ha_per_year
1985-1995,0.0
1995-2005,79.2963197062749
2005-2015,48.39289055081716
2015-2025,28.498227761455457
