period,rate_ha_per_year
1985-1995,0.0
1995-2005,24.64011980774165
2005-2015,20.823289139698705
2015-2025,3.9390091780790444
