period,rate_ha_per_year
1985-1995,0.0
1995-2005,15.122863962675208
2005-2015,32.78991616249711
2015-2025,12.855577235516716
