period,rate_ha_per_year
1985-1995,0.0
1995-2005,30.843673612426755
2005-2015,27.80326831026445
2015-2025,13.516588791973044
