period,rate_ha_per_year
1985-1995,0.0
1995-2005,7.590672860653148
2005-2015,2.6309786134487974
2015-2025,18.6604267891367
