period,rate_ha_per_year
1985-1995,0.0
1995-2005,0.6870267298153148
2005-2015,0.6623212479535272
2015-2025,1.4491658283691407
