period,rate_ha_per_year
1985-1995,0.0
1995-2005,13.57767708121745
2005-2015,68.50550748121074
2015-2025,97.1792673218228
