period,rate_ha_per_year
1985-1995,0.0
1995-2005,486.41578218220786
2005-2015,679.7458766047579
2015-2025,734.4484402420538
