year,built_area_km2
1975,455.5066205294118
1985,937.6948080235294
1990,1322.0794682745097
1995,1499.608085556863
2000,1711.183057329412
2005,1904.4011316823526
2010,2142.8195299764698
2015,2407.8249064
2020,2677.727046003921
