class_name,area_km2
Water,36.15603155465686
Very Low Density,47.602590407598036
Low Density Rural,72.48220202843137
Rural Cluster,0.0
Suburban,411.17687513872534
Semi-Dense Urban,0.0
Dense Urban,69.53122303137256
Urban Centre,830.40541745049
