period,total_change_km2,annual_rate_km2
1985-2000,81.75642709411756,5.45042847294117
2000-2010,45.7463642392157,4.57463642392157
2010-2020,63.30275552549031,6.330275552549031
