period,total_change_km2,annual_rate_km2
1985-2000,30.069375337254794,2.004625022483653
2000-2010,17.278813796078353,1.7278813796078354
2010-2020,12.199958443137586,1.2199958443137586
