metric,value
dry_area_km2,10322.171804287507
monsoon_area_km2,18484.831389827228
seasonal_inundation_km2,8162.659585539721
