metric,value
dry_area_km2,6593.552650085787
monsoon_area_km2,15219.902538176555
seasonal_inundation_km2,8626.349888090768
