metric,value
dry_area_km2,39.870248053944586
monsoon_area_km2,81.91150540815525
seasonal_inundation_km2,42.041257354210664
