ADM0_CODE,ADM0_NAME,ADM1_CODE,ADM1_NAME,DISP_AREA,EXP1_YEAR,STATUS,STR1_YEAR,Shape_Area,Shape_Leng,year,poverty_index_mean,poverty_index_median
23,Bangladesh,575,Barisal,NO,3000,Member State,1993,0.943369023478,15.7774365953,2020,,
23,Bangladesh,578,Khulna,NO,3000,Member State,1993,1.8011062647,41.1557894,2020,,
23,Bangladesh,576,Chittagong,NO,3000,Member State,1998,2.72561283093,30.4878768146,2020,,
23,Bangladesh,580,Sylhet,NO,3000,Member State,1998,1.09488529889,7.67346384723,2020,,
23,Bangladesh,61362,Rajshahi,NO,3000,Member State,2010,1.62206591426,7.53403270694,2020,,
23,Bangladesh,61363,Rangpur,NO,3000,Member State,2010,1.45824660587,9.88140143637,2020,,
23,Bangladesh,577,Dhaka,NO,3000,Member State,1000,2.748843847,12.2261667538,2020,0.5015883445769824,0.5049437900085222
