year,poverty_index_mean,poverty_index_median
2000,0.46587991133232387,0.4983463918722799
2005,0.4577762406096073,0.49004073968684947
2010,0.43199893238243936,0.47103535560103726
2015,0.5088832036015627,0.5088047128959091
2020,0.5015883445769824,0.5049437900085222
